{"cameraMode":{"drawMode":0,"name":"Shaded","section":"Shading Mode"},"sceneLighting":false,"audioPlay":false,"sceneViewState":{"showFog":true,"showMaterialUpdate":true,"showSkybox":false,"showFlares":true,"showImageEffects":true,"showParticleSystems":true},"in2DMode":false,"pivot":{"x":0.4292331039905548,"y":-0.38021907210350039,"z":1.706732988357544},"rotation":{"x":0.4059956669807434,"y":-0.2128155529499054,"z":0.09780069440603256,"w":0.8833851218223572},"size":5.775780200958252,"orthographic":false}