{"cameraMode":{"drawMode":0,"name":"Shaded","section":"Shading Mode"},"sceneLighting":false,"audioPlay":false,"sceneViewState":{"showFog":true,"showMaterialUpdate":true,"showSkybox":false,"showFlares":true,"showImageEffects":true,"showParticleSystems":true},"in2DMode":false,"pivot":{"x":-4.25,"y":1.4200000762939454,"z":-18.059999465942384},"rotation":{"x":0.1552225649356842,"y":0.6203339099884033,"z":-0.1265133023262024,"w":0.7584326267242432},"size":5.7157673835754398,"orthographic":false}