{"cameraMode":{"drawMode":0,"name":"Shaded","section":"Shading Mode"},"sceneLighting":true,"audioPlay":false,"sceneViewState":{"showFog":true,"showMaterialUpdate":true,"showSkybox":true,"showFlares":true,"showImageEffects":true,"showParticleSystems":true},"in2DMode":false,"pivot":{"x":2.299999952316284,"y":1.399999976158142,"z":-2.5799999237060549},"rotation":{"x":0.6983890533447266,"y":-0.004089747555553913,"z":0.004395631141960621,"w":0.7157869338989258},"size":9.11508560180664,"orthographic":false}