{"cameraMode":{"drawMode":0,"name":"Shaded","section":"Shading Mode"},"sceneLighting":true,"audioPlay":false,"sceneViewState":{"showFog":true,"showMaterialUpdate":true,"showSkybox":true,"showFlares":true,"showImageEffects":true,"showParticleSystems":true},"in2DMode":false,"pivot":{"x":43.6695442199707,"y":1.3046908378601075,"z":-9.086130142211914},"rotation":{"x":-0.05774636194109917,"y":0.9419160485267639,"z":-0.22095665335655213,"w":-0.24645918607711793},"size":12.67449951171875,"orthographic":false}