{"cameraMode":{"drawMode":0,"name":"Shaded","section":"Shading Mode"},"sceneLighting":true,"audioPlay":false,"sceneViewState":{"showFog":true,"showMaterialUpdate":true,"showSkybox":true,"showFlares":true,"showImageEffects":true,"showParticleSystems":true},"in2DMode":false,"pivot":{"x":-4.25,"y":1.4200000762939454,"z":-18.059999465942384},"rotation":{"x":0.06605919450521469,"y":0.6410779356956482,"z":-0.05552402511239052,"w":0.7626587152481079},"size":5.857884883880615,"orthographic":false}