{"cameraMode":{"drawMode":0,"name":"Shaded","section":"Shading Mode"},"sceneLighting":true,"audioPlay":false,"sceneViewState":{"showFog":true,"showMaterialUpdate":true,"showSkybox":true,"showFlares":true,"showImageEffects":true,"showParticleSystems":true},"in2DMode":false,"pivot":{"x":-17.63117790222168,"y":-63.61868667602539,"z":85.97042846679688},"rotation":{"x":-0.13100174069404603,"y":0.018433284014463426,"z":-0.0024182931520044805,"w":-0.991238534450531},"size":191.17633056640626,"orthographic":false}