{"cameraMode":{"drawMode":0,"name":"Shaded","section":"Shading Mode"},"sceneLighting":false,"audioPlay":false,"sceneViewState":{"showFog":true,"showMaterialUpdate":true,"showSkybox":false,"showFlares":true,"showImageEffects":true,"showParticleSystems":true},"in2DMode":false,"pivot":{"x":0.10171598941087723,"y":0.09110553562641144,"z":3.309436321258545},"rotation":{"x":0.2368284910917282,"y":-0.6574318408966065,"z":0.22981661558151246,"w":0.6774477958679199},"size":10.104146003723145,"orthographic":false}