{"cameraMode":{"drawMode":0,"name":"Shaded","section":"Shading Mode"},"sceneLighting":true,"audioPlay":false,"sceneViewState":{"showFog":true,"showMaterialUpdate":true,"showSkybox":true,"showFlares":true,"showImageEffects":true,"showParticleSystems":true},"in2DMode":false,"pivot":{"x":2.695793628692627,"y":-3.4637012481689455,"z":-7.560900688171387},"rotation":{"x":0.22845590114593507,"y":-0.6310594081878662,"z":0.20205895602703095,"w":0.7134057283401489},"size":66.67463684082031,"orthographic":false}