{"cameraMode":{"drawMode":0,"name":"Shaded","section":"Shading Mode"},"sceneLighting":true,"audioPlay":false,"sceneViewState":{"showFog":true,"showMaterialUpdate":true,"showSkybox":true,"showFlares":true,"showImageEffects":true,"showParticleSystems":true},"in2DMode":false,"pivot":{"x":-6.13819694519043,"y":3.3801841735839845,"z":-23.89274787902832},"rotation":{"x":-0.12078559398651123,"y":0.6684711575508118,"z":-0.11130919307470322,"w":-0.7253789901733398},"size":38.337890625,"orthographic":false}