{"cameraMode":{"drawMode":0,"name":"Shaded","section":"Shading Mode"},"sceneLighting":false,"audioPlay":false,"sceneViewState":{"showFog":true,"showMaterialUpdate":true,"showSkybox":false,"showFlares":true,"showImageEffects":true,"showParticleSystems":true},"in2DMode":false,"pivot":{"x":-5.139999866485596,"y":0.6100000143051148,"z":-13.460000038146973},"rotation":{"x":-0.16445982456207276,"y":0.741905927658081,"z":-0.19696561992168427,"w":-0.619469165802002},"size":2.8578836917877199,"orthographic":false}