{"cameraMode":{"drawMode":0,"name":"Shaded","section":"Shading Mode"},"sceneLighting":true,"audioPlay":false,"sceneViewState":{"showFog":true,"showMaterialUpdate":true,"showSkybox":true,"showFlares":true,"showImageEffects":true,"showParticleSystems":true},"in2DMode":false,"pivot":{"x":11.967079162597657,"y":2.048725128173828,"z":20.138076782226564},"rotation":{"x":-0.11573773622512818,"y":0.8128032684326172,"z":-0.1728949248790741,"w":-0.5441427230834961},"size":53.078731536865237,"orthographic":false}