{"cameraMode":{"drawMode":0,"name":"Shaded","section":"Shading Mode"},"sceneLighting":true,"audioPlay":false,"sceneViewState":{"showFog":true,"showMaterialUpdate":true,"showSkybox":true,"showFlares":true,"showImageEffects":true,"showParticleSystems":true},"in2DMode":false,"pivot":{"x":-0.35591626167297366,"y":1.3598976135253907,"z":-0.2923917770385742},"rotation":{"x":-0.21003147959709168,"y":0.21872006356716157,"z":-0.048269327729940417,"w":-0.9516964554786682},"size":10.012174606323243,"orthographic":false}