{"cameraMode":{"drawMode":0,"name":"Shaded","section":"Shading Mode"},"sceneLighting":false,"audioPlay":false,"sceneViewState":{"showFog":true,"showMaterialUpdate":true,"showSkybox":false,"showFlares":true,"showImageEffects":true,"showParticleSystems":true},"in2DMode":false,"pivot":{"x":0.6396490335464478,"y":0.9189244508743286,"z":-0.8155735731124878},"rotation":{"x":-0.2107239067554474,"y":0.6345723867416382,"z":-0.1857127547264099,"w":-0.7200249433517456},"size":7.287821292877197,"orthographic":false}