{"cameraMode":{"drawMode":0,"name":"Shaded","section":"Shading Mode"},"sceneLighting":false,"audioPlay":false,"sceneViewState":{"showFog":true,"showMaterialUpdate":true,"showSkybox":false,"showFlares":true,"showImageEffects":true,"showParticleSystems":true},"in2DMode":false,"pivot":{"x":0.5590099096298218,"y":-1.3719570636749268,"z":2.014291286468506},"rotation":{"x":0.11317901313304901,"y":-0.6783234477043152,"z":0.1068788692355156,"w":0.7181251049041748},"size":8.368586540222168,"orthographic":false}