{"cameraMode":{"drawMode":0,"name":"Shaded","section":"Shading Mode"},"sceneLighting":false,"audioPlay":false,"sceneViewState":{"showFog":true,"showMaterialUpdate":true,"showSkybox":false,"showFlares":true,"showImageEffects":true,"showParticleSystems":true},"in2DMode":false,"pivot":{"x":1.5878002643585206,"y":1.0629491806030274,"z":-6.007542610168457},"rotation":{"x":-0.33295419812202456,"y":0.3392622172832489,"z":-0.12976855039596559,"w":-0.870262622833252},"size":27.41600227355957,"orthographic":false}