{"cameraMode":{"drawMode":0,"name":"Shaded","section":"Shading Mode"},"sceneLighting":false,"audioPlay":false,"sceneViewState":{"showFog":true,"showMaterialUpdate":true,"showSkybox":false,"showFlares":true,"showImageEffects":true,"showParticleSystems":true},"in2DMode":false,"pivot":{"x":45.483192443847659,"y":1.5684289932250977,"z":-11.537538528442383},"rotation":{"x":-0.0694664940237999,"y":-0.7043723464012146,"z":0.06947575509548187,"w":-0.7030984163284302},"size":1.9578838348388672,"orthographic":false}