{"cameraMode":{"drawMode":0,"name":"Shaded","section":"Shading Mode"},"sceneLighting":true,"audioPlay":false,"sceneViewState":{"showFog":true,"showMaterialUpdate":true,"showSkybox":true,"showFlares":true,"showImageEffects":true,"showParticleSystems":true},"in2DMode":false,"pivot":{"x":2.7905683517456056,"y":2.9647388458251955,"z":-1.4459105730056763},"rotation":{"x":0.08576426655054093,"y":-0.6946141719818115,"z":0.08395057916641236,"w":0.7093483209609985},"size":7.567960262298584,"orthographic":false}