{"cameraMode":{"drawMode":0,"name":"Shaded","section":"Shading Mode"},"sceneLighting":true,"audioPlay":false,"sceneViewState":{"showFog":true,"showMaterialUpdate":true,"showSkybox":true,"showFlares":true,"showImageEffects":true,"showParticleSystems":true},"in2DMode":false,"pivot":{"x":2.071516513824463,"y":-4.709722995758057,"z":-2.7048163414001467},"rotation":{"x":-0.2429434210062027,"y":0.5315762162208557,"z":-0.16247747838497163,"w":-0.7950332164764404},"size":32.824832916259769,"orthographic":false}